{"area": [0.00024372904693486592, 0.00048745809386973183, 0.0007311871408045977, 0.0009749161877394637, 0.0012186452346743296, 0.0014623742816091954, 0.0017061033285440614, 0.0019498323754789273, 0.0021935614224137933, 0.0024372904693486593, 0.0026810195162835252, 0.0029247485632183908, 0.0031684776101532568, 0.0034122066570881227, 0.0036559357040229887, 0.0038996647509578547, 0.00414339379789272, 0.004387122844827587, 0.004630851891762452, 0.0048745809386973185, 0.005118309985632184, 0.0053620390325670505, 0.005605768079501916, 0.0058494971264367816, 0.006093226173371648, 0.0063369552203065135, 0.00658068426724138, 0.0068244133141762454, 0.007710700757575758, 0.008353259154040405, 0.008995817550505051, 0.009638375946969698, 0.010280934343434344, 0.010923492739898991, 0.011566051136363636, 0.012208609532828284, 0.012851167929292931, 0.013493726325757576, 0.015549913194444445, 0.01696354166666667, 0.01837717013888889, 0.01979079861111111, 0.02473849826388889, 0.031806640625, 0.03887478298611111, 0.045942925347222226, 0.05301106770833334, 0.060079210069444444, 0.06714735243055556, 0.07421549479166667], "edge": [6.354926580621025e-05, 0.00012372276000748223, 0.00018389625420875421, 0.0002440697484100262, 0.0003042432426112982, 0.00036441673681257016, 0.00042459023101384214, 0.0004847637252151141, 0.0005449372194163861, 0.0006051107136176581, 0.0006652842078189301, 0.000725457702020202, 0.000785631196221474, 0.000845804690422746, 0.0009704497855539523, 0.0010349213864838866, 0.0010993929874138209, 0.0011638645883437551, 0.0012283361892736894, 0.0012928077902036237, 0.001357279391133558, 0.0014217509920634922, 0.0014862225929934264, 0.0015506941939233607, 0.001615165794853295, 0.0016796373957832294, 0.0017441089967131637, 0.0018988408389450056, 0.0019891010802469138, 0.0020793613215488215, 0.0021696215628507296, 0.0022598818041526378, 0.002350142045454546, 0.0024404022867564536, 0.0025306625280583617, 0.0026209227693602694, 0.0028616167461653574, 0.0030120504816685376, 0.0031624842171717174, 0.003312917952674897, 0.003463351688178077, 0.003839436026936027, 0.004065086630190798, 0.004290737233445568, 0.0049676890432098775, 0.005870291456228957, 0.006772893869248037, 0.007675496282267116, 0.008578098695286196, 0.009480701108305276], "pixel": [0.0005118781934845533, 0.0010097710474629336, 0.001507663901441314, 0.0020055567554196946, 0.002503449609398075, 0.0030013424633764554, 0.003499235317354836, 0.003997128171333216, 0.004495021025311597, 0.004992913879289977, 0.005490806733268357, 0.0059886995872467375, 0.006486592441225118, 0.006984485295203498, 0.007482378149181878, 0.007980271003160259, 0.00847816385713864, 0.00897605671111702, 0.010333946312876239, 0.011193943060657078, 0.012053939808437917, 0.012913936556218756, 0.013773933303999595, 0.014633930051780434, 0.015493926799561273, 0.016353923547342112, 0.01721392029512295, 0.01807391704290379, 0.019879910213243552, 0.020825906635802475, 0.021771903058361398, 0.02271789948092032, 0.02366389590347924, 0.024609892326038163, 0.025555888748597086, 0.02650188517115601, 0.027447881593714932, 0.029970538720538727, 0.0315471994248036, 0.03312386012906847, 0.03470052083333334, 0.036277181537598215, 0.04100716365039283, 0.04416048505892257, 0.05204378858024693, 0.06150375280583614, 0.07096371703142537, 0.0804236812570146, 0.08988364548260383, 0.09934360970819306]}