{"area": [0.0022011334404448447, 0.0044022668808896895, 0.006603400321334534, 0.008804533761779379, 0.011005667202224224, 0.013206800642669068, 0.015407934083113913, 0.017609067523558758, 0.019810200964003603, 0.022011334404448447, 0.024212467844893292, 0.026413601285338137, 0.02861473472578298, 0.030815868166227826, 0.033017001606672675, 0.035218135047117516, 0.03741926848756236, 0.039620401928007205, 0.041821535368452054, 0.044022668808896895, 0.046223802249341736, 0.048424935689786584, 0.05062606913023143, 0.052827202570676274, 0.055028336011121115, 0.05722946945156596, 0.05943060289201081, 0.06163173633245565, 0.0638328697729005, 0.06603400321334535, 0.06823513665379019, 0.07043627009423503, 0.07263740353467987, 0.07483853697512471, 0.07703967041556957, 0.07924080385601441, 0.08144193729645925, 0.08364307073690411, 0.08584420417734895, 0.08804533761779379, 0.13536970658735795, 0.22561617764559658, 0.3158626487038352, 0.40610911976207387, 0.49635559082031244, 0.586602061878551, 0.6768485329367897, 0.7670950039950284, 0.8573414750532671, 0.9475879461115057], "edge": [1.865456321022727e-05, 3.730912642045454e-05, 5.596368963068181e-05, 7.461825284090908e-05, 9.327281605113634e-05, 0.00011192737926136362, 0.0001305819424715909, 0.00014923650568181816, 0.00016789106889204543, 0.0001865456321022727, 0.00020520019531249998, 0.00022385475852272724, 0.0002425093217329545, 0.0002611638849431818, 0.00027981844815340906, 0.0002984730113636363, 0.0003171275745738636, 0.00033578213778409085, 0.0003544367009943181, 0.0003730912642045454, 0.0003917458274147727, 0.00041040039062499996, 0.0004290549538352272, 0.0004477095170454545, 0.00046636408025568175, 0.000485018643465909, 0.0005036732066761363, 0.0005223277698863636, 0.0005409823330965909, 0.0005596368963068181, 0.0005782914595170454, 0.0005969460227272726, 0.0006156005859374999, 0.0006342551491477272, 0.0006529097123579544, 0.0006715642755681817, 0.000690218838778409, 0.0007088734019886362, 0.0007275279651988635, 0.0009949100378787879, 0.0012436375473484848, 0.0018654563210227272, 0.0026116388494318177, 0.003357821377840909, 0.00410400390625, 0.004850186434659091, 0.005596368963068182, 0.006342551491477272, 0.007088734019886363, 0.007834916548295455], "pixel": [0.002478052004419192, 0.004956104008838384, 0.007434156013257576, 0.009912208017676769, 0.01239026002209596, 0.014868312026515153, 0.017346364030934345, 0.019824416035353537, 0.02230246803977273, 0.02478052004419192, 0.027258572048611113, 0.029736624053030306, 0.0322146760574495, 0.03469272806186869, 0.03717078006628788, 0.039648832070707074, 0.04212688407512627, 0.04460493607954546, 0.04708298808396465, 0.04956104008838384, 0.05203909209280304, 0.05451714409722223, 0.056995196101641415, 0.05947324810606061, 0.06195130011047981, 0.064429352114899, 0.06690740411931818, 0.06938545612373738, 0.07186350812815658, 0.07434156013257576, 0.07681961213699495, 0.07929766414141415, 0.08177571614583334, 0.08425376815025254, 0.08673182015467172, 0.10195413961038961, 0.11469840706168832, 0.12744267451298702, 0.14018694196428572, 0.1529312094155844, 0.1656754768668831, 0.22302468039772727, 0.3122345525568182, 0.40144442471590913, 0.49065429687500006, 0.5798641690340909, 0.6690740411931819, 0.7582839133522727, 0.8474937855113638, 0.9367036576704546]}