{"area": [0.0005834501572093484, 0.0011669003144186968, 0.0017503504716280451, 0.0023338006288373936, 0.002917250786046742, 0.0035007009432560902, 0.004084151100465439, 0.004667601257674787, 0.005251051414884135, 0.005834501572093484, 0.006417951729302832, 0.0070014018865121805, 0.0075848520437215294, 0.008168302200930878, 0.008751752358140226, 0.009335202515349575, 0.009918652672558924, 0.01050210282976827, 0.01108555298697762, 0.011669003144186969, 0.012252453301396316, 0.012835903458605665, 0.013419353615815014, 0.014002803773024361, 0.01458625393023371, 0.015169704087443059, 0.015753154244652408, 0.016336604401861757, 0.016920054559071102, 0.01750350471628045, 0.0180869548734898, 0.01867040503069915, 0.019253855187908498, 0.022041450383464275, 0.024245595421810703, 0.026449740460157127, 0.028653885498503555, 0.030858030536849983, 0.03306217557519641, 0.03526632061354284, 0.037470465651889266, 0.04959326336279461, 0.06943056870791246, 0.08926787405303031, 0.10910517939814815, 0.128942484743266, 0.14877979008838385, 0.1686170954335017, 0.18845440077861955, 0.20829170612373737], "pixel": [0.0025772189487467266, 0.005154437897493453, 0.00773165684624018, 0.010308875794986906, 0.012886094743733633, 0.01546331369248036, 0.018040532641227087, 0.020617751589973813, 0.030926627384960718, 0.0386582842312009, 0.05025576950056117, 0.05412159792368126, 0.057987426346801346, 0.06185325476992144, 0.06571908319304154, 0.07151782582772166, 0.0734507400392817, 0.07538365425084176, 0.0773165684624018, 0.07924948267396184, 0.0811823968855219, 0.08311531109708194, 0.08504822530864198, 0.08698113952020202, 0.08891405373176206, 0.09084696794332212, 0.0950993792087542, 0.09741887626262627, 0.09973837331649832, 0.10205787037037037, 0.10437736742424242, 0.10669686447811448, 0.10901636153198653, 0.1113358585858586, 0.11365535563973064, 0.11984068111672279, 0.12370650953984287, 0.12757233796296297, 0.13143816638608305, 0.13530399480920316, 0.14380881734006734, 0.14844781144781144, 0.15308680555555557, 0.15772579966329967, 0.17009645061728396, 0.17782810746352412, 0.1932914211560045, 0.20102307800224467, 0.2203522201178451, 0.24354719065656566], "edge": [0.00023369546156004487, 0.0004471362934904601, 0.0006605771254208754, 0.0008740179573512906, 0.0010874587892817059, 0.0013008996212121211, 0.0015143404531425364, 0.0017277812850729516, 0.0019412221170033669, 0.002154662948933782, 0.0023681037808641974, 0.002723838500748223, 0.002866132388701833, 0.003008426276655443, 0.0031507201646090535, 0.0032930140525626638, 0.0034353079405162737, 0.003577601828469884, 0.0037198957164234943, 0.003862189604377104, 0.004004483492330714, 0.004146777380284325, 0.004289071268237935, 0.004431365156191545, 0.004573659044145155, 0.004715952932098765, 0.004858246820052375, 0.005000540708005986, 0.0053562754278900105, 0.005569716259820426, 0.005783157091750842, 0.005996597923681257, 0.0062100387556116715, 0.006423479587542087, 0.006636920419472503, 0.006850361251402918, 0.0070638020833333325, 0.007277242915263748, 0.007490683747194164, 0.008216382575757575, 0.008728640572390572, 0.009240898569023569, 0.009753156565656566, 0.011546059553872053, 0.014107349537037038, 0.01666863952020202, 0.019229929503367004, 0.021791219486531985, 0.02435250946969697, 0.02691379945286195]}